folder,model,seed,commit,best_epoch,hours,rsum,i2t_R1,t2i_R1,coco1k/r1,cxc/r1,eccv/map_at_r,eccv/rprecision,eccv/r1,pmrp,pmrp/i2t,pmrp/t2i,i2t_R5,i2t_R10,t2i_R5,t2i_R10,eccv/i2t_map_at_r,eccv/t2i_map_at_r,cxc/i2t_r1,cxc/t2i_r1,coco1k/rsum
20261002_165922_contrastive,contrastive,42,88e2663,10,4.20,441.7320,60.6800,46.6760,73.1640,55.4492,37.1071,46.8335,81.1180,56.5490,61.2199,51.8780,84.7800,91.3600,74.6880,83.5480,30.1791,44.0351,62.3000,48.5984,528.2040
20261002_170022_contrastive,contrastive,43,88e2663,10,4.22,440.7600,60.7400,46.5680,73.3600,55.3852,36.9345,46.6152,80.8473,56.4558,61.1550,51.7565,84.5400,91.1000,74.4120,83.4000,30.2337,43.6353,62.2400,48.5304,528.0040
20261002_170706_contrastive,contrastive,44,88e2663,10,4.23,443.3360,62.2600,46.6240,73.5280,56.1372,36.7659,46.3649,80.4507,56.4529,61.2395,51.6662,84.8400,91.4800,74.4880,83.6440,30.0099,43.5218,63.6800,48.5944,528.7320
20261002_042249_fusion_none,fusion_none,42,2056ea5,10,6.91,439.2920,61.5800,46.1120,72.7740,55.5149,36.6019,46.4137,79.5456,56.6737,61.2674,52.0800,84.0800,90.6600,73.7600,83.1000,29.6453,43.5584,62.9800,48.0498,526.8000
20261002_211523_fusion_none,fusion_none,43,88e2663,10,6.86,442.3680,62.0400,46.5680,73.4560,55.9151,36.5249,46.3033,80.4655,56.5428,61.1132,51.9724,85.2600,91.0200,74.1680,83.3120,30.1090,42.9409,63.3600,48.4703,529.1400
20261003_040931_fusion_none,fusion_none,44,88e2663,10,6.84,441.5360,61.5800,46.2240,72.9200,55.3789,37.1020,46.8377,81.1248,56.6104,61.3345,51.8863,84.7000,90.8400,74.4720,83.7200,30.2549,43.9492,62.6400,48.1179,527.4560
20261002_035714_fusion_concat,fusion_concat,42,2056ea5,10,6.86,444.2880,62.3200,46.7120,73.5960,56.2753,36.8496,46.5091,81.2247,56.7878,61.3133,52.2623,85.1000,91.3600,74.8520,83.9440,30.0495,43.6498,63.8800,48.6705,529.7200
20261002_211619_fusion_concat,fusion_concat,43,88e2663,10,6.91,444.4400,61.8800,46.8000,73.5720,55.9793,37.2366,46.9805,81.6609,56.8396,61.3720,52.3072,84.8600,91.9600,74.7520,84.1880,30.2348,44.2383,63.2600,48.6985,529.6480
20261003_041541_fusion_concat,fusion_concat,44,88e2663,10,6.91,443.2520,61.3000,46.9640,73.5360,55.7794,36.9321,46.6663,80.3693,56.7100,61.1848,52.2351,84.8600,91.5000,74.8320,83.7960,29.9311,43.9332,62.6000,48.9588,529.0240
20261002_042128_fusion_multilearner,fusion_multilearner,42,2056ea5,10,7.15,445.7960,62.6600,47.0600,73.7220,56.6074,37.2019,46.8370,81.4690,56.8693,61.4075,52.3311,85.8200,91.6200,74.6960,83.9400,30.5294,43.8745,64.3000,48.9148,529.9960
20261002_212327_fusion_multilearner,fusion_multilearner,43,88e2663,10,7.23,444.2840,62.2200,47.1760,73.6980,56.3495,36.7301,46.5103,80.5406,56.9178,61.4784,52.3573,84.8400,91.4000,74.7960,83.8520,30.0970,43.3632,63.6400,49.0589,529.7840
20261003_044323_fusion_multilearner,fusion_multilearner,44,88e2663,10,7.20,442.8160,62.1800,46.9200,73.5420,56.0753,36.9318,46.6661,80.1652,56.8417,61.4039,52.2796,84.5800,91.2800,74.2920,83.5640,30.0626,43.8010,63.3600,48.7906,529.0520
